{
  "input_file": "/Users/kavan/Desktop/DATA 230/final_project/Data/processed/flights_model_ready_3class.csv",
  "dataset_shape": [
    291220,
    26
  ],
  "target_column": "delay_class_3",
  "categorical_columns": [
    "AIRLINE",
    "AIRLINE_CODE",
    "ORIGIN",
    "DEST",
    "ORIGIN_STATE",
    "DEST_STATE",
    "dep_time_bucket",
    "season",
    "distance_band"
  ],
  "numeric_columns": [
    "CRS_DEP_TIME_MIN",
    "CRS_ARR_TIME_MIN",
    "CRS_ELAPSED_TIME",
    "DISTANCE",
    "SCHED_BLOCK_MINS",
    "year",
    "month",
    "day",
    "day_of_week",
    "week_of_year",
    "is_weekend",
    "dep_hour",
    "arr_hour",
    "is_morning_peak",
    "is_evening_peak",
    "is_red_eye"
  ],
  "metrics_summary": {
    "logistic_regression": {
      "accuracy": 0.48975001716915045,
      "precision_macro": 0.3871833795169002,
      "recall_macro": 0.44127663073743,
      "f1_macro": 0.3480033165433065,
      "precision_weighted": 0.7607299345735614,
      "recall_weighted": 0.48975001716915045,
      "f1_weighted": 0.5710799533801135,
      "classification_report": {
        "0": {
          "precision": 0.8911512497719394,
          "recall": 0.50852680895367,
          "f1-score": 0.647540766273366,
          "support": 48025.0
        },
        "1": {
          "precision": 0.1766315501436585,
          "recall": 0.3874549819927971,
          "f1-score": 0.24264636782257307,
          "support": 6664.0
        },
        "2": {
          "precision": 0.09376733863510264,
          "recall": 0.4278481012658228,
          "f1-score": 0.15382281553398058,
          "support": 3555.0
        },
        "accuracy": 0.48975001716915045,
        "macro avg": {
          "precision": 0.3871833795169002,
          "recall": 0.44127663073743,
          "f1-score": 0.3480033165433065,
          "support": 58244.0
        },
        "weighted avg": {
          "precision": 0.7607299345735614,
          "recall": 0.48975001716915045,
          "f1-score": 0.5710799533801135,
          "support": 58244.0
        }
      },
      "confusion_matrix": [
        [
          24422,
          11053,
          12550
        ],
        [
          1932,
          2582,
          2150
        ],
        [
          1051,
          983,
          1521
        ]
      ],
      "model_path": "/Users/kavan/Desktop/DATA 230/final_project/Models/logistic_regression_3class.joblib",
      "confusion_matrix_figure": "/Users/kavan/Desktop/DATA 230/final_project/Figures/logistic_regression_confusion_matrix_3class.png"
    },
    "random_forest": {
      "accuracy": 0.7680104388434861,
      "precision_macro": 0.42668989116448564,
      "recall_macro": 0.40969690633182937,
      "f1_macro": 0.4159416420168694,
      "precision_weighted": 0.7457867538984247,
      "recall_weighted": 0.7680104388434861,
      "f1_weighted": 0.7561576614698844,
      "classification_report": {
        "0": {
          "precision": 0.8565658181527325,
          "recall": 0.891952108276939,
          "f1-score": 0.8739008915274292,
          "support": 48025.0
        },
        "1": {
          "precision": 0.255861714872497,
          "recall": 0.22433973589435774,
          "f1-score": 0.23906612297113616,
          "support": 6664.0
        },
        "2": {
          "precision": 0.16764214046822742,
          "recall": 0.11279887482419128,
          "f1-score": 0.13485791155204305,
          "support": 3555.0
        },
        "accuracy": 0.7680104388434861,
        "macro avg": {
          "precision": 0.42668989116448564,
          "recall": 0.40969690633182937,
          "f1-score": 0.4159416420168694,
          "support": 58244.0
        },
        "weighted avg": {
          "precision": 0.7457867538984247,
          "recall": 0.7680104388434861,
          "f1-score": 0.7561576614698844,
          "support": 58244.0
        }
      },
      "confusion_matrix": [
        [
          42836,
          3674,
          1515
        ],
        [
          4693,
          1495,
          476
        ],
        [
          2480,
          674,
          401
        ]
      ],
      "model_path": "/Users/kavan/Desktop/DATA 230/final_project/Models/random_forest_3class.joblib",
      "confusion_matrix_figure": "/Users/kavan/Desktop/DATA 230/final_project/Figures/random_forest_confusion_matrix_3class.png"
    }
  }
}