model,class,precision,recall,f1-score,support
logistic_regression,0,0.9001874739619498,0.5399062988027069,0.6749794999284124,48025.0
logistic_regression,1,0.17538441319490078,0.4005102040816326,0.2439447948085184,6664.0
logistic_regression,2,0.10195471804246942,0.4078762306610408,0.1631321370309951,3555.0
random_forest,0,0.8759017352310392,0.7483602290473712,0.8071235276283728,48025.0
random_forest,1,0.20595399188092017,0.34258703481392555,0.2572539297988619,6664.0
random_forest,2,0.1424840868287906,0.24556962025316456,0.1803346416029746,3555.0
